{"cameraMode":{"drawMode":0,"name":"Shaded","section":"Shading Mode"},"sceneLighting":true,"audioPlay":false,"sceneViewState":{"m_AlwaysRefresh":false,"showFog":true,"showSkybox":true,"showFlares":true,"showImageEffects":true,"showParticleSystems":true,"showVisualEffectGraphs":true,"m_FxEnabled":true},"in2DMode":false,"pivot":{"x":0.26684334874153139,"y":-16.22966194152832,"z":8.24920654296875},"rotation":{"x":0.5001572370529175,"y":0.009087846614420414,"z":-0.005249710287898779,"w":0.8658750057220459},"size":18.800458908081056,"orthographic":false}