{"cameraMode":{"drawMode":0,"name":"Shaded","section":"Shading Mode"},"sceneLighting":false,"audioPlay":false,"sceneViewState":{"m_AlwaysRefresh":false,"showFog":true,"showSkybox":false,"showFlares":true,"showImageEffects":true,"showParticleSystems":true,"showVisualEffectGraphs":true,"m_FxEnabled":true},"in2DMode":false,"pivot":{"x":-6.631224632263184,"y":-0.35724684596061709,"z":3.4080536365509035},"rotation":{"x":0.538632869720459,"y":0.0012601761845871807,"z":-0.000805324234534055,"w":0.8425467014312744},"size":0.7829623222351074,"orthographic":false}