{"cameraMode":{"drawMode":0,"name":"Shaded","section":"Shading Mode"},"sceneLighting":true,"audioPlay":false,"sceneViewState":{"m_AlwaysRefresh":false,"showFog":true,"showSkybox":true,"showFlares":true,"showImageEffects":true,"showParticleSystems":true,"showVisualEffectGraphs":true,"m_FxEnabled":true},"in2DMode":false,"pivot":{"x":-14.071187973022461,"y":-12.158495903015137,"z":30.21253204345703},"rotation":{"x":0.15481574833393098,"y":-0.10353520512580872,"z":0.016320664435625078,"w":0.9823805689811707},"size":18.72553825378418,"orthographic":false}