{"cameraMode":{"drawMode":0,"name":"Shaded","section":"Shading Mode"},"sceneLighting":false,"audioPlay":false,"sceneViewState":{"m_AlwaysRefresh":false,"showFog":true,"showSkybox":false,"showFlares":true,"showImageEffects":true,"showParticleSystems":true,"showVisualEffectGraphs":true,"m_FxEnabled":true},"in2DMode":false,"pivot":{"x":3.9620885848999025,"y":9.5367431640625e-7,"z":23.14751625061035},"rotation":{"x":0.16158518195152284,"y":0.013317873701453209,"z":-0.002185980323702097,"w":0.9867779016494751},"size":1.491233468055725,"orthographic":false}