{"cameraMode":{"drawMode":0,"name":"Shaded","section":"Shading Mode"},"sceneLighting":true,"audioPlay":false,"sceneViewState":{"m_AlwaysRefresh":false,"showFog":true,"showSkybox":true,"showFlares":true,"showImageEffects":true,"showParticleSystems":true,"showVisualEffectGraphs":true,"m_FxEnabled":true},"in2DMode":false,"pivot":{"x":-2.412172317504883,"y":-12.933239936828614,"z":-11.307417869567871},"rotation":{"x":0.20927417278289796,"y":0.7859761714935303,"z":-0.45715466141700747,"w":0.35980042815208437},"size":23.256187438964845,"orthographic":false}